target,v1,v2,v3,v4,v5,v6,v7,v8,sample_type
4.5354218436533,403.41371409464,250.127633923869,484.19584853282,356.23246115445,448.17693545174,201.10611908825,537.812322542088,4002.0421427819,lab 2
4.5459242178545,430.62446932145,255.479308031906,614.72929842046,393.14366265595,567.55473396728,232.02434105723,681.065680760736,4087.6689285105,lab 1
4.9087842620657,288.77259048032,265.352161135181,482.11950644142,357.92350091122,420.67488890586,241.77857884456,504.809866687032,4245.6345781629,lab 1
4.5920220244129,323.33743225735,255.768839984181,567.45183305417,347.6610783783,469.75045851855,247.60616996445,563.70055022226,4092.3014397469,lab 1
5.0717550479656,322.09278058199,289.931072089563,469.93355329758,366.2868321349,480.22938195393,269.21616908809,576.275258344716,4638.897153433,lab 1
4.7961742800078,400.32252251095,278.999522610938,579.32141547567,392.02546965222,544.60320881499,228.49744129821,653.523850577988,4463.992361775,lab 2
4.76437490252,409.91864079959,280.026169024563,504.28251512185,411.59169725812,484.23841399214,234.58208685076,581.086096790568,4480.418704393,lab 1
4.6236431410448,416.0890064973,256.634190878481,440.03534777949,396.35135655124,491.74687285335,201.91524113792,590.09624742402,4106.1470540557,lab 1
5.1301038420804,481.12906792777,300.037082441594,522.62060150842,428.43374703316,530.23335053257,268.38317311745,636.280020639084,4800.5933190655,lab 1
4.5672449095173,485.04147430759,263.765310965469,595.56467325389,397.25435451321,623.98235966773,235.16063181844,748.778831601276,4220.2449754475,lab 2
4.827541195954,390.38765774199,284.177576415656,570.98593032407,386.32048938738,514.32847005336,270.79464139094,617.194164064032,4546.8412226505,lab 1
4.7625277422401,358.39370838346,289.835684801856,636.22988349657,351.59719699383,536.63702885538,323.77091773195,643.964434626456,4637.3709568297,lab 2
4.661593538501,444.12990923428,257.833642512681,615.32727833398,346.52586134429,469.91362288958,277.71819222065,563.896347467496,4125.3382802029,lab 2
4.8698091071428,478.07380990456,287.056720883856,492.18616585226,400.84998052878,512.22761021426,217.00278633782,614.673132257112,4592.9075341417,lab 1
4.6998509513351,448.32059957625,274.320913857388,554.9715129821,433.99889805611,623.70063829656,228.27988371183,748.440765955872,4389.1346217182,lab 2
4.9649774769498,355.98453720685,299.071664510306,443.98342756776,371.89274384894,468.3828994575,217.55330714839,562.059479349,4785.1466321649,lab 1
4.7830882548875,376.16144030202,283.881121396463,443.31744976533,369.33731512146,438.02069541641,222.94036221228,525.624834499692,4542.0979423434,lab 2
4.5679108973189,400.46947882504,267.187256531638,512.1702605749,357.6613630006,523.18009045745,235.93669760414,627.81610854894,4274.9961045062,lab 2
4.5262871183778,485.84929917858,249.815231416931,545.01724244293,380.43746548018,621.10558388718,216.40520395063,745.326700664616,3997.0437026709,lab 1
4.787898191108,526.30715099182,261.614272567344,652.01359565922,416.63465113923,586.03032686117,324.58895995339,703.236392233404,4185.8283610775,lab 1
4.9067592035732,564.59942349299,257.604407714906,657.86723070714,441.32173909971,620.31433083631,304.39526408364,744.377197003572,4121.6705234385,lab 1
4.6518734123003,403.26844348525,263.803238695613,514.97467537669,389.74505301365,528.61297079003,233.31347605706,634.335564948036,4220.8518191298,lab 1
4.634885384263,375.22529144593,268.992526859925,573.19023023011,344.42132165489,488.54510246278,252.60400497094,586.254122955336,4303.8804297588,lab 1
4.6057639076157,519.67582061495,264.440615595575,566.18722230678,417.17830980564,594.80345580122,222.81184604967,713.764146961464,4231.0498495292,lab 1
4.7468975124427,457.76312883811,263.207435774056,593.34811743693,368.07106355547,559.83736107249,247.00966235273,671.804833286988,4211.3189723849,lab 1
4.5467997362971,531.26780059939,252.937285805394,650.48862764627,363.40669332704,655.1273343003,259.91054301953,786.15280116036,4046.9965728863,lab 1
4.713079476384,414.76118648685,266.141571986,582.5068378374,355.59167206661,537.72897406261,248.89072130435,645.274768875132,4258.265151776,lab 1
4.995029688105,346.63732564047,293.058601656288,517.06985856866,345.36433965767,583.87254915169,239.50475793874,700.647058982028,4688.9376265006,lab 1
5.0636768529344,392.38484983603,295.978855947938,590.06426039731,419.90336342019,489.29323075528,317.83458438431,587.151876906336,4735.661695167,lab 2
4.8064657652122,413.2194730609,272.688476976231,624.40945301717,377.46499325301,479.95941443224,325.79115767344,575.951297318688,4363.0156316197,lab 2
4.6257804694155,406.79516365255,277.776476760831,487.51972357719,380.50551503937,452.04700896155,218.06954733816,542.45641075386,4444.4236281733,lab 1
4.9831267343487,414.14950222416,284.947365814569,460.69952507766,398.17909741386,477.13589406704,238.58692032104,572.563072880448,4559.1578530331,lab 1
4.7656871258928,347.10346153592,294.532646160581,488.19550651151,338.61053151027,444.19377117411,210.85323290957,533.032525408932,4712.5223385693,lab 2
4.9716465909495,339.51148131023,293.0937951189,561.619168561,351.25349640197,486.02347113841,248.7145116125,583.228165366092,4689.5007219024,lab 2
4.516531924719,451.93515475491,249.348331503006,512.09278971935,370.83613365842,462.7363364547,208.48128133776,555.28360374564,3989.5733040481,lab 2
4.8469067307296,310.58324181268,284.855571481344,463.95143969491,363.25082171752,439.15699507191,231.65172286421,526.988394086292,4557.6891437015,lab 1
4.6629182539099,477.75670465018,256.988462226969,585.72305818256,424.01456286718,599.09539253585,275.75274763807,718.91447104302,4111.8153956315,lab 2
5.1352292994133,356.40833784638,299.123716776975,544.37044099887,394.20852309924,474.58071316515,269.45063909861,569.49685579818,4785.9794684316,lab 1
4.8837933541001,294.87659977331,278.554604250069,443.72384058075,336.02762793242,416.45405113457,229.16925806707,499.744861361484,4456.8736680011,lab 2
5.0219090893499,328.14619681294,297.863402885694,485.80767442774,357.14615893683,451.2413794972,289.25047901584,615.329153859818,4765.8144461711,lab 1
4.9976583644335,353.08800177741,299.106535573556,453.8767841386,380.67500905325,465.85600541471,234.88321610619,635.258189201877,4785.7045691769,lab 2
4.5666938491923,460.49440206485,263.625617566456,629.9776233419,355.24529447073,572.90957608561,259.04446063332,781.240331025832,4218.0098810633,lab 2
4.5272709681715,567.07072885607,249.953929390781,540.87536956624,445.67942973183,652.91545415982,215.07321168368,890.339255672482,3999.2628702525,lab 1
4.8309384617328,357.49683819278,294.410876516369,487.82124704328,376.19840352544,453.89747586153,246.01992559003,618.951103447541,4710.5740242619,lab 1
4.5605355007887,475.30276191107,251.6539275837,490.83224292207,350.86725667175,523.12803151901,213.77488313265,713.356406616832,4026.4628413392,lab 2
4.9817325292309,331.76984267439,297.359289369669,564.77585589175,356.73799334359,494.69182506833,282.97296690848,674.579761456814,4757.7486299147,lab 1
4.6391116698967,490.57212948996,253.566594398144,463.21507653851,443.18150899111,570.97095763508,223.53686226695,778.596760411473,4057.0655103703,lab 2
4.8528604458698,392.55485955597,296.217556221381,486.30547427166,399.87748261796,526.29104227835,267.18859101119,717.669603106841,4739.4808995421,lab 1
4.6770209942883,398.26190276818,257.28957651215,606.23331194074,421.84389280604,520.98092112226,288.7373948873,710.428528803082,4116.6332241944,lab 2
4.6601927236064,502.14048895573,259.172476274206,578.89138452506,419.91803188251,626.29656255289,232.86180340505,854.040767117577,4146.7596203873,lab 1
4.5994926078625,469.69071502811,265.466297946769,463.1149241342,419.96304672736,585.84126423084,207.82916990681,798.874451223873,4247.4607671483,lab 1
4.6938233649336,292.67166400955,255.621490264556,444.74408278658,376.2065493208,445.5139896264,209.64308643348,607.519076763273,4089.9438442329,lab 1
5.0420360895295,283.59692192503,299.938377817944,451.3237538412,332.23701657972,415.03031465396,221.90026565017,565.950429073582,4799.0140450871,lab 1
4.6412088933073,495.87150013505,253.920170160719,632.53819934292,398.22130858293,581.68029906763,243.16351694488,793.200407819495,4062.7227225715,lab 2
4.9561739369234,479.46193130745,276.026819856594,596.32765322176,416.69041453708,546.32609233294,269.34812369447,744.990125908555,4416.4291177055,lab 1
4.5706587654706,454.70416223809,255.583346396688,643.67278794935,403.81995679238,546.37971842576,317.21535914881,745.063252398763,4089.333542347,lab 1
4.5960917683224,454.54481957653,260.067085204844,538.16129673515,446.02789136496,572.45121150528,240.57870778319,780.615288416291,4161.0733632775,lab 1
4.5562919757571,360.97595547697,279.231540548181,538.35276809367,345.63276443357,564.48993476958,253.15863959418,769.759001958518,4467.7046487709,lab 1
4.6402255529396,504.42261127159,269.377022540788,606.27283826095,380.00882330544,644.57754249827,231.92114213552,878.969376134005,4310.0323606526,lab 1
4.6155867278713,303.3746161115,287.957414547463,484.71174901137,335.06906477249,471.08508687492,229.26018343636,642.388754829436,4607.3186327594,lab 1
4.8711502999797,301.27712240351,287.912544901169,463.75494773615,342.5648866123,423.87949701994,215.5933277376,578.017495936282,4606.6007184187,lab 2
4.6483721418668,405.34456935597,280.291454772438,558.67532793385,373.3195343244,512.24943648474,242.18468154208,698.521958842827,4484.663276359,lab 2
4.6886558797142,457.62460099307,261.453331411275,460.70277734371,359.38405946051,457.82383974134,206.47066866066,624.305236010918,4183.2533025804,lab 1
4.5904007969198,350.31837495657,254.553712469481,462.19510090227,361.74153816445,525.06731580366,220.90013424178,716.000885186809,4072.8593995117,lab 1
4.6298720024228,383.00156964511,260.306820561406,569.13306052691,355.00482167,464.55106067914,249.82059342887,633.478719107918,4164.9091289825,lab 1
5.181257881401,285.04227793118,230.88215245423,430.88215245423,356.51021407362,415.1518998928,210.40308192881,566.116227126545,4815.8646530127,lab 1
5.0533213975561,360.54680233098,297.00688647959,497.00688647959,422.79781492017,517.27389485329,308.89261301925,705.373492981759,4797.5704911857,lab 2
4.587661403788,335.73630986865,302.75020240784,502.75020240784,346.48952528188,459.92385208229,228.7656763949,627.168889203123,4183.4396088996,lab 2
4.6536266091838,423.68148726387,274.60562184289,474.60562184289,351.16441974438,491.80742654366,225.69973089662,670.646490741355,4336.5549646055,lab 1
4.6174494886401,361.9176201587,302.40060082143,502.40060082143,382.09962847028,448.26594009226,261.97136474974,611.271736489445,4211.5054386573,lab 1
5.0683946500428,358.97805186538,309.07186628258,509.07186628258,412.65067244561,434.58244418837,223.94212542129,592.612423893232,4761.3843026758,lab 1
4.5388537386291,498.45389135645,347.24421281975,547.24421281975,400.26096367957,515.11011132203,222.26050934017,702.422879075495,4039.8316834585,lab 2
4.7622409733736,333.34550393677,355.23703527588,555.23703527588,337.30609963086,480.47662987316,263.10749831716,655.195404372491,4621.252794082,lab 1
4.8210366189911,287.68491503288,265.47258402117,465.47258402117,332.75649255574,449.12581092435,223.07194452336,612.444287624114,4762.3193809834,lab 2
4.871355048701,359.92837398228,271.60732159263,471.60732159263,390.23024664025,450.46391369968,226.81012785388,614.268973226836,4557.7495377469,lab 2
4.9514068112558,289.01491577128,251.72334893982,451.72334893982,333.51448423912,436.72768310404,217.61138253849,595.537749687327,4487.5008535546,lab 2
4.7143113321935,324.12562822415,319.69264327261,519.69264327261,342.57200488246,461.48172208413,228.95758717068,629.29325738745,4335.6641825153,lab 1
4.9604614875927,538.48676196715,306.23769104098,506.23769104098,448.25889612797,599.61893440554,205.74806020995,817.662183280282,4668.4721029412,lab 1
4.533355057157,466.18604091576,402.86389688987,602.86389688987,346.51669416553,638.53983348157,222.14598936568,766.247800177884,4016.8960723703,lab 1
4.6149036758751,294.63030514286,275.29527430807,475.29527430807,333.06695530394,499.01242846974,226.92888116312,554.458253855267,4533.3099315622,lab 2
4.761527780522,387.3358485218,272.76412891285,472.76412891285,393.22702545391,486.21759391444,221.50362015898,540.241771016044,4218.0874914271,lab 1
4.7760615907251,430.72683696371,435.16498607919,635.16498607919,354.48435186883,489.82794005012,279.77940833367,544.253266722355,4098.7335864893,lab 1
4.5244442066988,336.16954585003,264.03091368137,464.03091368137,342.86899319658,460.64646758558,214.94321488454,511.829408428422,4211.5455326857,lab 1
5.0605423104801,403.21396271271,270.77883002145,470.77883002145,418.5056735071,447.50822761334,246.2755933972,497.231364014822,4704.8537051357,lab 2
5.1269612609007,349.18446897555,283.92416489434,483.92416489434,375.25685292029,460.30245267326,255.90800739082,511.447169636956,4769.1935156114,lab 2
4.5249578698893,555.19322713452,395.92637695674,595.92637695674,409.43633662508,657.3438419806,217.72914760411,730.382046645111,4041.1371858904,lab 1
4.8958658998434,421.87494775624,269.43781185899,469.43781185899,406.64302720885,489.81405486142,207.24379079733,544.237838734911,4465.8472932339,lab 1
4.7997890160622,292.73419332344,232.25838079556,432.25838079556,339.80857386233,415.24271161267,201.14067082428,461.380790680744,4532.7783816162,lab 2
4.7562578679923,337.52732345602,250.58987483132,450.58987483132,370.01398241312,423.33992414558,203.70037253044,470.377693495089,4569.5212540002,lab 2
4.5986850224676,389.53858871649,277.21347136306,477.21347136306,370.24539586351,514.41487756265,211.88572545171,571.572086180722,4161.9287549798,lab 1
5.1494317880526,346.57874867368,289.86040453547,489.86040453547,399.13597588421,521.45182178321,274.56030933209,579.390913092455,4796.7425596272,lab 2
5.0953719743947,330.56919396365,322.91276177941,522.91276177941,344.14489981515,437.82950136935,241.52781496571,486.477223743722,4462.0604673984,lab 1
4.9998656451931,394.47538431405,278.62508405241,478.62508405241,406.24145657375,532.61577062015,247.49946277253,591.795300689056,4678.3642838525,lab 2
4.6131394165761,385.48714668931,409.94773352598,609.94773352598,375.11062632042,518.04726608315,259.93739192777,575.608073425722,4138.2311076425,lab 1
4.8262218272531,318.01940938436,323.89948100716,523.89948100716,350.74117178219,497.65652455879,254.39650691007,552.951693954211,4672.6750019643,lab 2
5.0358115692029,316.55933508189,317.5565058052,517.5565058052,349.16782188443,533.12059762934,251.51131415645,592.356219588156,4389.9684079879,lab 1
4.6503920619304,478.9136634278,430.83447829034,630.83447829034,414.89724033635,517.32391127845,289.71226294665,574.804345864945,4129.2372680808,lab 1
4.7680481269575,350.42321938057,313.0267121864,513.0267121864,351.03639263424,441.48518666822,247.12493051652,490.539096298022,4557.6635635524,lab 2
4.7035195253445,500.34978369713,414.10226059913,614.10226059913,393.62277282097,572.59144052483,254.5508985493,636.212711694256,4136.6337757694,lab 1
4.5849157017104,428.08387073951,252.72301246827,452.72301246827,359.1315985246,519.44802066727,203.64568702581,577.164467408078,4428.6140862643,lab 1
4.5714790379662,515.44003706748,297.49561136748,497.49561136748,414.44618880636,599.99219363692,212.53910859684,666.657992929911,4044.6987587994,lab 1
4.6049357872379,379.24135820383,354.00803030518,554.00803030518,359.62530431503,531.34408366769,210.27578814308,590.382315186322,4074.3040291464,lab 1
5.081536224464,310.72755360165,317.40838081513,517.40838081513,345.47311237486,454.19641068302,249.24540047887,504.662678536689,4727.1540436517,lab 2
5.1172400876237,311.66661940202,278.04911837111,478.04911837111,418.97565011173,422.37555912533,240.11913707966,469.306176805922,4768.7627014205,lab 2
4.7044331140437,458.94683919363,322.33379103716,522.33379103716,397.30735926069,609.06880251902,252.0617609301,676.743113910022,4310.6695767271,lab 1
4.6907763216878,506.97161521542,361.2033572555,561.2033572555,353.72394219042,581.50877215702,236.17546810358,646.120857952244,4126.7837032214,lab 1
4.5438379424823,385.43640054708,431.64232441521,631.64232441521,366.37383957031,559.39403923394,247.01892680079,621.548932482156,4051.2021475159,lab 1
5.0453030194852,379.81500166009,412.25815525529,612.25815525529,402.80132246313,438.27896305655,321.77145485804,486.976625618389,4263.5557281654,lab 1
4.6324415611702,425.54773929749,273.33026329506,473.33026329506,387.18696498609,537.04538046934,204.87327634676,596.717089410378,4388.6088239619,lab 1
4.8520741665737,367.81113250343,298.63077224677,498.63077224677,430.61028021431,561.25749202421,230.25652781452,623.619435582456,4444.6550807578,lab 1
4.9263858035371,287.54461057573,240.66407289833,440.66407289833,335.94515566715,417.48552749954,211.59508082586,463.872808332822,4608.3644448904,lab 2
4.616144797403,439.99357985194,286.67566351703,486.67566351703,399.76466168612,555.75924595917,227.24847827448,617.510273287967,4257.0929069109,lab 1
5.0289273844854,302.86367859296,384.91320451494,584.91320451494,355.06851344046,443.22838685142,309.76626159255,492.475985390467,4756.9446665065,lab 2
4.9933608761485,523.98126841526,437.46248341298,637.46248341298,432.53352205273,634.55909364817,270.53419535836,705.065659609078,4783.1029465003,lab 2
4.7381648430624,444.7104665603,270.68563509537,470.68563509537,409.05524187036,461.68707565714,229.87448278004,512.985639619044,4385.9588361337,lab 1
4.7017828034717,341.62897459371,309.88624368042,509.88624368042,378.62402754227,462.31748381492,239.19593172483,513.686093127689,4279.6179143114,lab 1
4.916084272125,323.53518020637,356.08788574566,556.08788574566,337.35210133785,426.87755667849,277.50148103118,474.308396309433,4662.3196490704,lab 2
4.5887483012864,363.33229395931,254.3423875251,454.3423875251,364.19430760935,445.48281571538,227.36435161928,494.980906350422,4476.6756946876,lab 1
4.6163680520458,360.88173958756,273.17474577393,473.17474577393,345.3650702861,493.47577521617,203.0248486037,548.306416906856,4142.135802171,lab 1
4.590842998161,476.16847366096,388.03300255379,588.03300255379,401.73785410317,641.41842529696,250.86731014153,712.687139218844,4183.7737845408,lab 1
4.8779974314948,434.14231071884,440.7123964955,640.7123964955,372.86655005253,548.26924388042,309.33918994616,609.188048756022,4645.4059649422,lab 2
4.8383450411485,436.31286942969,266.31338387465,466.31338387465,407.84993509237,447.27050145055,262.8249317102,496.967223833944,4599.2367529644,lab 2
4.8973404416017,292.58931404124,261.26337031033,461.26337031033,348.15963358487,416.42350004989,271.17335647784,462.692777833211,4604.0538495267,lab 2
4.7696576995976,421.42058213024,238.62184055852,438.62184055852,417.04398548378,448.61792060147,215.54844963217,498.464356223856,4328.3856763419,lab 1
4.547502564853,494.41658876585,369.4749574068,569.4749574068,416.05341820541,628.01353178947,269.69481827393,697.792813099411,4171.4502620697,lab 1
4.6515310038609,409.66499883698,236.25732695927,436.25732695927,381.36297343103,430.8807486444,206.8053751829,478.756387382667,4335.2349461997,lab 1
4.9108956400589,296.82568237345,235.4323994347,435.4323994347,372.57088925197,430.88859063217,203.01119768725,478.765100702411,4672.4621018208,lab 2
4.8855561100657,316.16346641369,247.8786359022,447.8786359022,368.43838129564,430.86682826533,238.51940975824,478.740920294811,4768.8888578711,lab 2
4.9096480676201,332.09912885055,250.1284461057,450.1284461057,404.78957235982,462.40058532443,230.18608854369,513.778428138255,4692.4627249484,lab 2
4.7476930942038,362.34306507015,357.24577101992,557.24577101992,348.48394664822,539.40083644992,292.48369643112,599.334262722133,4428.5301996768,lab 1
4.5595675194827,398.42804012795,282.57503607238,482.57503607238,433.44576967093,492.09623045097,215.67088427185,546.773589389967,4135.9796433879,lab 1
4.6620163446031,487.39104615122,333.20679576823,533.20679576823,415.81196070127,577.59834682765,234.78594180471,641.775940919611,4510.4963639047,lab 1
4.5423556558356,525.26102572702,457.17920599475,657.17920599475,414.36162541246,652.52679245028,319.31297514145,725.0297693892,3998.2903963505,lab 1
4.5329673498864,485.70389014557,336.05943431074,536.05943431074,370.33481297962,598.21464541883,204.25783067024,664.682939354255,4086.0821586242,lab 1
5.1780635097693,368.84650562138,277.30478460654,477.30478460654,419.27025629636,441.95573370891,266.63940517918,491.061926343233,4797.4562014767,lab 2
4.6091855912772,393.00949455667,241.7043323947,441.7043323947,387.92555682713,448.40513543966,202.73767402278,498.227928266289,4224.4366505128,lab 1
5.2170464455744,315.25343249618,250.0640450654,450.0640450654,354.86254068394,434.52112858075,233.88995132905,482.801253978611,4822.5159567065,lab 2
4.9106031415846,471.88907511807,410.9665736323,610.9665736323,401.63487771925,617.15254483169,307.74949414576,685.725049812989,4729.9022241643,lab 2
4.837039227892,494.18017311351,418.01867263921,618.01867263921,412.57166835587,619.48892418775,284.43687596358,688.321026875278,4344.0654983931,lab 2
4.6423751860126,495.79232105219,297.89152816312,497.89152816312,437.65540569852,565.35179923426,223.29692525132,628.168665815845,4355.5278887066,lab 1
4.6462179765564,463.29270590718,437.65943445365,637.65943445365,400.57568358489,566.48820666385,263.61037439477,629.431340737611,4014.2868388061,lab 1
4.8120909119377,373.41611350222,362.02980759398,562.02980759398,374.48020957503,475.12111082413,260.72497588968,527.912345360144,4478.9061074641,lab 2
4.780022599174,376.97267192378,293.60972626906,493.60972626906,385.31622551957,455.91787818738,234.68101951208,506.5754202082,4714.5858101947,lab 1
4.7117048478192,446.41185994063,383.78942923131,583.78942923131,367.98761171343,595.63007133801,262.13604819513,661.811190375567,4565.9718115556,lab 1
4.7396533840716,478.02015691862,358.84863567315,558.84863567315,424.63231836954,574.87439972599,236.90839024862,638.749333028878,4154.2029452781,lab 1
4.7042099875859,419.93309258268,245.96556425623,445.96556425623,361.85734940916,550.71611745262,202.44492794312,611.906797169578,4703.5727321601,lab 1
4.7777289287624,418.0762205127,282.91398014707,482.91398014707,409.51057937885,561.95007462521,267.13340047291,624.388971805789,4251.9437188132,lab 1
4.5830591228209,493.41739785289,249.14973615424,449.14973615424,416.47756265433,535.62838785575,207.51853514089,595.142653173056,4118.6265059529,lab 1
5.1297772494819,383.37239642186,344.32787022229,544.32787022229,437.97364073139,472.47913121228,276.90186325943,524.976812458089,4775.7898404182,lab 2
4.5520726589699,362.09833405202,309.0328102166,509.0328102166,410.54999025509,421.5768730493,226.57998273144,468.418747832556,3995.0643146366,lab 1
4.7022310298056,303.25294292426,287.45604631658,487.45604631658,356.92779841403,456.94549894973,225.85209498983,507.717221055256,4422.9045841486,lab 1
4.6236719125642,501.98249232502,374.90304407496,574.90304407496,379.37326604472,535.08246940692,227.0716448535,594.5360771188,4042.9279734318,lab 1
4.9077661013814,482.44667646487,307.96238511433,507.96238511433,406.70206684616,519.44752943212,261.08211525399,577.163921591244,4691.4509881973,lab 2
4.7025033780374,464.67545283112,370.77721472019,570.77721472019,383.92202491436,625.19022532152,223.6806474546,694.6558059128,4343.0517908443,lab 1
4.9187270951034,354.08992523056,254.08748220075,454.08748220075,346.9877166983,468.00231068768,258.49803674574,520.002567430756,4666.5590629254,lab 2
4.5626191074097,437.05200406789,275.20508069411,475.20508069411,343.48464343858,576.27368648869,209.95739496934,640.304096098544,4256.3489125771,lab 1
4.8002998456088,346.48821832991,270.41819123116,470.41819123116,395.27873790195,473.58623743253,228.15548641513,526.206930480589,4450.8620703412,lab 2
4.7888714800387,466.02075420055,250.22888207375,450.22888207375,443.73644532732,504.68338686575,221.51813240588,560.759318739722,4704.8677089045,lab 1
4.6901583394816,550.56477498383,419.29857391584,619.29857391584,448.24445304257,653.87409708142,264.05483162558,726.526774534911,4118.5830651711,lab 1
4.6945698052664,439.76088448192,447.34459749097,647.34459749097,388.05941486114,487.94853036271,320.23180731364,542.165033736344,4147.2214204888,lab 1
4.5262827767652,327.68738872074,241.72561643915,441.72561643915,345.45820575357,563.71958585003,224.34936916541,626.355095388922,4135.1480044035,lab 1
5.1826613389855,339.43291940009,360.20925722811,560.20925722811,350.16323331868,446.36870242397,242.68124792634,495.965224915522,4801.7422314089,lab 2
4.7295163658996,340.76759571756,327.39287039422,527.39287039422,334.36550839125,476.4072304131,217.78792882557,529.341367125667,4364.4912598168,lab 1
4.9174165088912,510.81207484128,244.10396965768,444.10396965768,434.039290391,592.23773387352,209.11262993434,658.041926526133,4569.7248427053,lab 2
4.802317318488,291.18774401464,324.18029755015,524.18029755015,345.25013999385,444.50235728249,307.7540932455,493.891508091656,4532.1811169076,lab 2
4.7716142719526,373.86456191476,280.95642257811,480.95642257811,386.42521000831,457.92159847404,283.13633913722,508.801776082267,4477.5316536495,lab 1
5.0365029408936,406.55629910502,370.87448018824,570.87448018824,416.44490057302,483.11119980386,233.76033259391,536.790222004289,4680.6855925286,lab 2
4.8041119267435,453.69532874914,345.78420404443,545.78420404443,413.1050244649,606.14642483176,261.07048262863,673.496027590844,4615.9252033841,lab 2
4.7902753188113,443.98143911172,405.02967250988,605.02967250988,411.77788892754,517.69633970392,264.84540163525,575.218155226578,4429.0384453757,lab 1
4.5223949722396,527.55241774896,422.08395397065,622.08395397065,395.4545696174,652.80479447026,244.24570688503,725.338660522511,4018.1332656413,lab 1
4.732662315128,525.57726024482,404.85052301885,604.85052301885,437.79471776853,586.22205033952,262.60426505143,651.357833710578,4376.5400275065,lab 1
4.7706494832641,400.73634695853,279.08569662365,479.08569662365,414.86053574093,497.41051735001,221.65662150747,552.678352611122,4678.9602812272,lab 1
4.8962830997747,446.49327187407,450.46121713527,650.46121713527,394.87754772598,548.73337711613,292.88215092615,609.703752351256,4413.1322790279,lab 2
5.0257841473312,316.39606645117,410.0575732637,610.0575732637,360.89419850545,548.12772308428,311.91209861511,609.030803426978,4807.0933222001,lab 2
4.6824243313754,375.19957876939,278.24004882451,478.24004882451,377.65614919805,468.26049659746,220.32286654529,520.289440663844,4208.2923234278,lab 1
5.0247378844041,287.9794633057,239.41620928906,439.41620928906,332.74831760425,416.72624100507,219.29248102817,463.0291566723,4715.9356829505,lab 2
4.6118779851804,534.3563074662,439.63126621305,639.63126621305,379.10922847585,616.3099815033,251.05003029817,684.788868337,4354.7393361694,lab 1
4.776805887428,363.29245707478,244.24220148831,444.24220148831,353.2060687347,472.27248724082,219.46292484893,524.747208045356,4610.2134804822,lab 1
4.9528991641143,308.35804190509,281.33086293259,481.33086293259,337.82308886152,421.74956608994,224.21240481939,468.610628988822,4621.9814615463,lab 2
4.6653090885132,313.06291688125,442.3453655188,642.3453655188,337.5822599071,476.36672051019,321.79744001919,529.296356122433,4234.5854248938,lab 1
4.7046341494878,319.80145835894,275.10747496168,475.10747496168,333.51693298272,425.17030958456,205.8992910867,472.411455093956,4560.3351756156,lab 1
4.8303029485357,516.44606102803,363.52394904551,563.52394904551,432.35785276864,634.42950657762,261.92926715947,704.921673975133,4457.9319874397,lab 2
4.5807774886501,528.4187081314,342.03766822803,542.03766822803,447.15599930382,540.9894043668,231.71246444071,601.099338185333,4062.2438806282,lab 1
4.7008264782049,357.34334135898,295.13700343171,495.13700343171,377.33293134264,537.72860521782,258.94191460115,597.4762280198,4255.3178384778,lab 1
5.1490235481741,319.32342754673,369.20221901122,569.20221901122,383.79736265883,433.82243928122,278.06869861424,482.024932534689,4763.4994779579,lab 2
4.7371690751186,364.31895340833,311.31085555321,511.31085555321,341.70022221818,462.68428543284,229.56236085363,514.093650480933,4438.8693157599,lab 1
4.9566838059147,293.41118595688,331.17430802896,531.17430802896,354.27611646229,475.60065771322,241.9198808348,528.445175236911,4774.5612169685,lab 2
4.9016310676469,332.36220312872,383.44935896911,583.44935896911,353.56587581616,455.88695411144,317.79819432778,506.541060123822,4717.0264700583,lab 2
4.9793030076653,301.42379553534,240.13991368987,440.13991368987,344.19592558198,415.97347849767,211.88686041394,462.1927538863,4658.1632428641,lab 2
4.9287075113974,507.69098629307,379.56201336684,579.56201336684,420.02238733127,550.54694576191,253.68174237102,611.718828624344,4591.2514450905,lab 2
4.6470240838503,388.60335870011,254.40181629592,454.40181629592,383.60880313096,550.81345777582,205.64756476205,612.014953084244,4163.8496122043,lab 1
4.8807384947232,419.79663469669,292.70368836858,492.70368836858,376.9036441019,510.67956585162,234.98505521661,567.421739835133,4431.7015654709,lab 2
4.6480452456325,313.92839475499,257.28276428028,457.28276428028,378.55049595777,419.81892330732,261.73193031684,466.465470341467,4233.7642555987,lab 1
4.5414788060064,496.87404001822,269.5200659546,469.5200659546,421.52263151352,551.63533841823,204.06421695662,612.928153798033,4080.2011145503,lab 1
5.0021207719738,342.18602944792,291.4661365128,491.4661365128,347.63142729953,437.21390651152,206.67371641846,485.793229457244,4696.8552869385,lab 2
4.808739642224,505.96305566792,279.97990426464,479.97990426464,435.78618439509,624.01905888819,261.86417868476,693.354509875767,4516.5530035046,lab 2
4.7898163871361,559.78062479392,456.51670449214,656.51670449214,426.02504691298,612.15465175149,335.3259330303,680.171835279433,4372.7877596415,lab 1
4.8247436514429,473.99762285459,267.87892282998,467.87892282998,444.43562602967,526.40667918304,240.72577387879,584.896310203378,4482.3901615622,lab 2
4.569149004609,535.22536915212,455.23190582074,655.23190582074,361.72358948394,640.83989182218,280.48976461516,712.044324246867,4099.8495492619,lab 1
4.9517031349381,394.63111051317,303.3021238208,503.3021238208,368.06520717096,468.66486383538,244.16369116204,520.738737594867,4561.6832344168,lab 2
4.6264679692258,549.91471455957,437.00409161792,637.00409161792,423.49371192613,649.08612283889,281.66691323432,721.206803154322,4370.3891824624,lab 1
5.0311474933598,316.45948694527,254.86400364007,454.86400364007,382.64729935665,482.91126054367,219.81232540922,536.568067270745,4677.8970190358,lab 2
4.6809052335307,567.64496923787,451.30070107616,651.30070107616,438.43052713279,645.12232863951,260.54211757082,716.802587377233,4052.9688189901,lab 1
4.6892358295376,317.25062392402,310.5460639228,510.5460639228,361.30644255231,464.21165638616,255.68071476605,515.790729317955,4400.9462411358,lab 1
4.8455649833201,325.43449209892,374.9618084019,574.9618084019,341.13846268778,447.49292439113,310.79888763338,497.214360434589,4358.0607716587,lab 2
4.7253004030099,432.85418936165,329.82051453526,529.82051453526,416.45423840222,534.12175628808,214.72993324357,593.468618097867,4346.3903782387,lab 1
4.5231208345604,559.0204990624,420.16315370469,620.16315370469,403.50822650262,609.82759453535,235.68993872749,677.586216150389,3988.8659086169,lab 1
4.6626323972642,465.02349154246,310.05478878154,510.05478878154,400.44776134283,534.19340805992,203.71020093809,593.548231177689,4374.9876290369,lab 1
4.604978070967,382.8079542974,287.7530134331,487.7530134331,419.69161851768,472.41517963488,228.1917621741,524.905755149867,4093.0103752951,lab 1
4.6753317494059,343.93741359544,276.29890703731,476.29890703731,367.29371932643,436.35224509691,273.87060052878,484.835827885456,4412.98729671,lab 1
5.191229904192,283.66043057728,324.67688410411,524.67688410411,342.65874510263,414.53595534514,304.84459875986,460.595505939045,4731.0846929335,lab 2
4.8571202564828,386.15990827081,294.40141116762,494.40141116762,400.41282433513,473.58838660666,228.31635963359,526.209318451844,4582.5383390771,lab 2
4.5956529772391,502.87915635352,377.63264605792,577.63264605792,410.46472982239,552.01035611716,220.70181844408,613.344840130178,4312.2255695354,lab 1
4.5170417942155,584.07589087558,443.22861559455,643.22861559455,448.90882563519,662.75860774938,247.95070667717,736.398453054867,3988.1839692292,lab 1
4.8943863781803,323.16985340058,408.64412765216,608.64412765216,342.55862401669,498.75040588422,258.90128944214,554.167117649133,4405.5783650783,lab 2
4.8517626100496,468.74053160852,371.81819452377,571.81819452377,388.94046392188,542.80890315601,258.35425023645,603.121003506678,4548.2395008727,lab 2
4.7942860022711,299.16165492076,325.42664320948,525.42664320948,350.97196539434,418.26219560534,235.97218354343,464.735772894822,4122.2428425673,lab 1
4.6655799923372,435.97411095688,351.33195873427,551.33195873427,343.07326724232,567.68238530917,256.10743125189,630.758205899078,4616.3123999903,lab 1
5.213208163298,287.3095981924,245.138750861,445.138750861,367.7120329097,420.86223047741,231.40823787452,467.624700530456,4821.3990116026,lab 2
4.6769306042123,466.53331431788,301.58445298348,501.58445298348,421.74572166863,545.08006961012,240.35769259832,605.644521789022,4158.336875567,lab 1
4.5449752040835,487.10301929445,428.9725474802,628.9725474802,382.96744476251,612.33969681731,275.47495235369,680.377440908122,4132.9817498006,lab 1
4.6552410238009,413.69309658429,313.68204644809,513.68204644809,372.8050916766,532.29855743128,208.40946168809,591.442841590311,4539.1367905786,lab 1
4.7352828194675,442.09776256564,447.27044050779,647.27044050779,422.7326104322,634.10707072791,308.00357618772,704.5634119199,4304.8245936595,lab 1
4.6364788444919,466.99973213505,308.76437938068,508.76437938068,396.54883140815,574.86625520438,244.76090147758,638.740283560422,4776.036174825,lab 1
4.6483599829822,324.3119915908,305.56892699378,505.56892699378,348.30038193655,445.36644921221,249.21593705629,494.851610235789,4360.2285021063,lab 1
4.5299772428025,475.33183554259,304.7969053894,504.7969053894,391.8588542486,584.57497441097,202.31388871883,649.527749345522,4012.5701150323,lab 1
4.5451288601531,570.96112535303,400.56195834098,600.56195834098,438.69361830609,662.03495285082,248.4364048269,735.594392056467,4082.977353472,lab 1
4.7892585755297,301.09707914885,234.98115587918,434.98115587918,333.57062945955,435.30185898246,211.56374631787,483.668732202733,4625.005766768,lab 1
4.6026476572728,371.5760789213,308.26735769258,508.26735769258,363.98362434011,485.58644253867,296.28773865209,539.540491709633,4200.1723486939,lab 1
4.9481832757976,303.66509446532,243.50917330985,443.50917330985,348.06473820605,414.43024066332,215.90931116628,460.478045181467,4204.8947202315,lab 2
4.8183526624115,358.98843927448,243.94672661158,443.94672661158,408.91598827085,497.95135912491,208.10610887748,553.279287916567,4594.3699724493,lab 2
4.7953233941874,318.44680277333,350.61685983851,550.61685983851,337.32027471879,466.60124771834,283.50380581479,518.445830798156,4548.8114294089,lab 1
4.6575848974508,487.0410585755,312.27868390422,512.27868390422,356.02964778515,520.06245782167,262.52665649479,577.847175357411,4488.9546742226,lab 1
4.9800219308306,306.35713017336,344.20308799571,544.20308799571,333.5112433203,491.07134485753,257.2964977478,545.634827619478,4662.6446350797,lab 2
4.5202855833372,569.04100853637,407.081127992,607.081127992,381.34530203427,638.85511081461,239.78570155085,709.839012016233,3989.950414405,lab 1
4.7052811274635,360.62492357421,261.81146088824,461.81146088824,338.63334438793,497.16225900574,224.22233301062,552.402510006378,4503.7622449111,lab 1
4.7696404157039,386.44927829675,276.14060947054,476.14060947054,382.66774091732,460.77675778822,218.04183614435,511.974175320244,4545.2443501658,lab 1
4.530052022947,394.70681051362,348.64977920209,548.64977920209,347.56480007927,515.02877130842,224.32452509369,572.254190342689,4188.0687908188,lab 1
4.7503779017142,456.97856307256,305.26428728993,505.26428728993,394.58070033016,572.22840571597,237.52327433802,635.809339684411,4541.3528142836,lab 1
4.5394611828457,494.40782124891,441.00887254221,641.00887254221,387.80470933505,572.18381404265,288.4751914314,635.759793380722,4003.4245716494,lab 1
4.8167365595638,432.51336726658,326.44012303346,526.44012303346,414.90399645569,517.82403659534,238.07974315217,575.360040661489,4540.1590883262,lab 2
4.9094981385952,285.2370584385,242.59656467658,442.59656467658,354.70029666732,417.75203670985,255.17830364718,464.168929677611,4805.8460236926,lab 2
4.9340117839697,322.0491722294,264.88541635608,464.88541635608,386.99309934719,507.29242931931,271.43394095453,563.658254799233,4572.6718070094,lab 2
4.5723331712884,411.63747162839,241.31040889861,441.31040889861,375.62774056004,460.64029905496,210.6155157484,511.822554505511,4278.0877106153,lab 1
4.6042692229863,308.69150676842,247.61044163111,447.61044163111,347.89487554172,504.99439745823,203.99156801815,561.1048860647,4135.6688552218,lab 1
4.5620138466317,405.00263131671,233.95690026454,433.95690026454,348.38353990524,448.29646236532,202.43026106413,498.107180405911,4100.0695357433,lab 1
4.5412293530447,414.52127610897,332.33352043902,532.33352043902,379.82749297403,516.91623775206,239.38568477204,574.351375280067,4012.7303427638,lab 1
5.1925393128707,543.66576121394,351.40265948107,551.40265948107,448.76947619307,574.14029839802,209.07652537434,637.933664886689,4782.2997017371,lab 2
4.9773350290054,304.89816419393,258.48870453109,458.48870453109,344.61554861882,455.13749720976,215.29596864101,505.708330233067,4777.5779561966,lab 2
4.6386436293174,443.71488089251,314.27666959273,514.27666959273,353.06310638518,528.27037225916,208.08852254779,586.967080287956,4567.4981626941,lab 1
4.7650701891401,364.2948405282,328.19351135149,528.19351135149,344.73795733054,512.76864256668,243.69062523528,569.7429361852,4658.2977037676,lab 1
4.7294863178544,472.5930686744,395.51441848762,595.51441848762,382.60431317088,568.61691578781,295.70914781382,631.796573097567,4297.2337868027,lab 1
5.0377288625431,380.94788421122,331.14658822452,531.14658822452,357.15870150953,462.51650081942,224.41784021534,513.907223132689,4472.4220174317,lab 2
4.9815132244322,311.13973627922,253.32855779556,453.32855779556,382.061751343,454.10408541753,233.18810679615,504.560094908367,4783.7288478348,lab 2
4.5576230715628,528.58057425074,436.50043425359,636.50043425359,416.23864323676,638.17550905038,248.0688479151,709.083898944867,4007.0024152411,lab 1
4.5954654741842,379.13135837285,427.36557883804,627.36557883804,347.9005351206,533.87885724557,227.30829732206,593.198730272855,4070.731996916,lab 1
4.9521563051024,375.822357237,277.88388302902,477.88388302902,378.0518725767,484.88943701377,233.08499999164,538.766041126411,4731.3223185873,lab 2
4.7992545885415,415.17280120202,335.23778959814,535.23778959814,404.82936146368,441.17831622547,222.4691530968,490.198129139411,4656.6396494421,lab 1
5.0644943560849,451.38899790149,385.85537088695,585.85537088695,408.44626659378,483.39947679929,285.47956709549,537.110529776989,4782.8386801049,lab 2
4.585418044129,363.36985149406,303.20724235574,503.20724235574,355.14927347923,463.52693383959,204.13170420689,515.029926488433,4057.661153313,lab 1
5.0652197846546,393.78879155669,313.96726664067,513.96726664067,374.19792583611,509.43782878249,257.31719685898,566.042031980544,4603.9180813838,lab 2
4.7819150170988,290.07020888926,251.96762455671,451.96762455671,338.6704481921,420.29234714389,233.87068656954,466.991496826544,4554.5449226596,lab 1
4.8654292543827,354.36697736988,232.10274834496,432.10274834496,385.84112627999,434.75982967973,201.14617321662,483.066477421922,4411.6951951496,lab 2
4.6260041606105,331.98451502336,307.24326360961,507.24326360961,345.84790771286,471.75103723569,211.82235616692,524.167819150767,4125.6579354356,lab 1
4.6022389049072,371.36986410898,365.59328840689,565.59328840689,354.62678353309,464.4140044338,252.3349471906,516.015560482,4190.0707053905,lab 1
4.7997729235371,306.50894026722,310.42107063795,510.42107063795,374.90251978487,431.64025249648,276.80649014118,479.600280551644,4401.7686298794,lab 1
4.9805625246501,435.18874596371,328.3460237111,528.3460237111,411.695636311,527.63484809289,266.21964364267,586.260942325433,4492.7298228213,lab 2
4.9238715882881,486.58440617283,244.30664209524,444.30664209524,419.71586854133,476.47862240413,205.3604809963,529.420691560144,4670.4651901883,lab 2
4.5812414984477,346.44215369356,302.14746191903,502.14746191903,350.63573352609,471.5994956153,215.08265769888,523.999439572556,4152.5859374606,lab 1
4.5750398727332,494.610066704,408.98105897452,608.98105897452,423.08837773068,608.50584495474,327.09600971367,676.117605505267,4187.6108755049,lab 1
4.787669246046,346.05903462907,244.50318007476,444.50318007476,375.84259229727,455.20329010417,207.22706473183,505.781433449078,4691.9458689128,lab 1
5.0135014676994,388.17298426255,289.42526917599,489.42526917599,390.97918880681,559.90931757203,249.44929413185,622.121463968922,4500.3280462106,lab 2
4.9793633261204,290.20849751348,313.35239946613,513.35239946613,354.31424607651,417.6496672553,266.61352218626,464.055185839222,4556.2943306008,lab 2
4.7282693838813,344.77719090806,331.85269366824,531.85269366824,386.54857242465,461.05514587433,269.86602647355,512.283495415922,4221.1853712403,lab 1
5.0115992379872,409.61221239341,298.99715619592,498.99715619592,407.96675323286,527.92376766242,229.40384941228,586.581964069356,4613.8231860593,lab 2
4.5223232779915,579.57135664668,365.19130778565,565.19130778565,440.15764603248,623.1659643081,203.24016598508,692.406627009,4009.8466013139,lab 1
4.7350606523625,363.48034743722,373.32553332383,573.32553332383,348.51575181358,518.30311263629,287.62501747752,575.892347373656,4559.4167877742,lab 1
4.7275974071077,440.72603062074,324.27233563783,524.27233563783,373.68649919488,612.0763836462,210.57097811565,680.084870718,4542.013055379,lab 1
5.047100364212,322.89089518747,347.1265741637,547.1265741637,406.40049445227,488.32708671676,294.98972153377,542.585651907511,4502.6121329354,lab 2
4.6672100861581,412.3974614432,368.21962474021,568.21962474021,354.34986287854,434.83234308707,210.74795649864,483.147047874522,4196.3779659131,lab 1
4.6996008376594,530.08652660357,389.73353722125,589.73353722125,421.34265779679,613.64954335537,268.15149493557,681.832825950411,4357.2216412261,lab 1
4.6420734266259,394.92803423677,372.12383775359,572.12383775359,347.902217585,562.32734641026,270.50356908601,624.808162678067,4206.4610676009,lab 1
4.8253057464722,347.18099423905,309.645209760447,521.67101005036,353.3711165442,452.30198702216,277.15473355346,502.557763357956,4644.6781464067,lab 2
4.8175712294187,372.45600397039,273.803162533833,533.28133286593,339.862431037,531.68396844909,246.98039726468,590.759964943433,4107.0474380075,lab 2
4.7528231777019,437.47824094236,279.959676016473,611.38001905824,416.70804843404,591.90797238107,309.24652465746,657.675524867855,4199.3951402471,lab 1
4.5971013207908,413.54166855742,283.005522298373,505.95598338394,343.62797042675,496.55077864407,228.98567425475,551.7230873823,4245.0828344756,lab 1
4.8480449168984,326.45869120003,299.934554778327,455.93660766335,336.41118637817,429.92908246599,210.19826999011,477.698980517767,4499.0183216749,lab 2
4.604020650477,451.1225389652,288.93400652266,510.86069101461,403.146226966,639.26353290802,204.95241195433,710.292814342245,4334.0100978399,lab 1
4.5787384704654,319.34719668667,299.38409020222,578.29368792032,343.88902863214,485.46570564729,268.05340725307,539.4063396081,4490.7613530333,lab 1
4.9659045797794,303.34177672554,314.83186849146,487.07611308744,343.4082544332,425.67579316964,263.05664643317,472.973103521822,4722.4780273719,lab 2
4.7936679201606,384.26770865473,301.98790516884,591.6673230413,353.13302388014,490.43935526472,272.96513446323,544.9326169608,4529.8185775326,lab 1
5.0383259786991,491.29608405766,295.9540019195,645.69446556277,414.65217224523,652.26991702069,272.33313133182,724.744352245211,4439.3100287925,lab 2
5.0446042572615,311.11085162337,313.460151548527,435.03301448145,368.31369201945,432.87038961216,207.51056011934,480.967099569067,4701.9022732279,lab 2
4.5872177672459,432.59504229894,269.415536993347,647.03532685162,339.77872869781,505.94597427882,279.28851642348,562.162193643133,4041.2330549002,lab 1
4.5893275819679,318.55689013946,282.291772035627,482.5692433148,336.76368180117,474.00132246051,217.50393336249,526.668136067233,4234.3765805344,lab 1
4.7402368000369,432.21338273579,281.870230252053,555.79011734794,383.44930447413,493.94573650406,225.45067001319,548.828596115622,4228.0534537808,lab 1
4.5184270113491,399.20812934276,268.075488413213,496.10908744003,336.78852204046,458.4714178258,220.43455725664,509.412686473111,4021.1323261982,lab 1
4.94356783366,446.72303815143,312.232507698947,478.0273207029,408.2830220279,455.4379366871,216.16259307873,506.042151874556,4683.4876154842,lab 2
4.9941288191995,418.45146787766,314.934803731767,477.28792551956,431.71072687139,491.71841661961,267.34004482438,546.353796244011,4724.0220559765,lab 2
4.5689405226782,438.8601360982,288.078887220733,457.94490070626,391.7322238592,559.73171107146,201.87800584596,621.924123412733,4321.183308311,lab 1
4.6278715242108,396.6615048156,274.868682926787,478.15038394087,372.77782555183,519.40854322993,210.16956700353,577.120603588811,4123.0302439018,lab 1
4.5746506530657,305.04215838792,296.719744047513,440.77472666439,342.54089627798,453.74112652842,207.92418087164,504.1568072538,4450.7961607127,lab 1
4.6985206843202,335.73135686107,288.43480621922,467.72769688756,342.80353118376,431.7190882005,212.37835974502,479.687875778333,4326.5220932883,lab 1
4.8074340236252,501.27567059763,294.65979849692,515.71439929887,442.61649334356,520.45983427767,230.92234202747,578.288704752967,4419.8969774538,lab 2
4.7914070503035,337.50811083372,301.79276051386,468.66499453507,386.04395154013,483.30059947782,224.86499383794,537.000666086467,4526.8914077079,lab 1
4.6698803605641,521.5197370609,283.370909890673,571.00776858323,440.7739932667,583.71011690169,287.6293520931,648.566796557433,4250.5636483601,lab 1
4.9163980266679,318.56260248983,317.97461010482,435.91153723178,390.236296522,438.13784553502,212.00901084851,486.819828372244,4769.6191515723,lab 2
4.6286730174137,368.55191312304,299.963225701907,652.60049663595,373.01235364522,575.58142441267,335.05985916611,639.534916014078,4499.4483855286,lab 1
4.6735904404146,545.27638102965,283.120036837847,523.91073292352,428.29038036385,603.53929188321,222.25812728644,670.599213203567,4246.8005525677,lab 1
4.9457689267107,294.46574674002,314.838656654307,461.96877292016,333.21937312286,424.61012392041,225.68857232657,471.789026578233,4722.5798498146,lab 2
4.5698458430991,310.33522733759,275.519489146093,539.57633175837,359.37881785183,449.5850929376,239.26693935055,499.538992152889,4132.7923371914,lab 1
4.9438234159948,327.03058879587,307.396382940133,531.5871088197,351.21175359004,478.28726633508,252.68854566626,531.430295927867,4610.945744102,lab 2
4.7946316430869,321.42695120877,308.035198481347,453.03030571558,366.50705057616,436.6545142272,244.50243625489,485.171682474667,4620.5279772202,lab 1
4.8371485418552,406.36171572815,287.275745536573,593.96268354942,399.0022341755,477.72332917035,277.16494488062,530.803699078167,4309.1361830486,lab 2
4.7463369906805,305.77993634363,314.439290150827,457.12238744417,334.13650985595,438.23424771802,210.04695196324,486.926941908911,4716.5893522624,lab 1
4.7534883408771,319.95963521811,286.149603069013,471.52846104953,346.24694682956,444.50043549093,229.9814808371,493.8893727677,4292.2440460352,lab 1
5.0875330314234,326.48595426884,312.939782931647,446.08312881449,399.81545681819,418.90369744117,222.76168009443,465.448552712411,4694.0967439747,lab 2
4.5727865436326,312.58127627298,286.915844409573,481.29825804267,336.02323968885,433.03422435647,236.39135974171,481.149138173856,4303.7376661436,lab 1
4.933439241477,445.49288827992,289.31959383846,630.08096196831,440.26410836413,543.01651965945,305.98280089957,603.3516885105,4339.7939075769,lab 2
4.5650848209277,404.85444626706,271.743044050253,505.49384410895,343.33745075876,545.28229725718,210.83922522396,605.869219174644,4076.1456607538,lab 1
4.8223347181212,326.97783823676,317.706729323027,477.97194558776,343.72191875284,421.34440288224,239.25690928871,468.160447646933,4765.6009398454,lab 2
4.7748642566964,315.22101956263,298.9007891329,487.36219838771,341.95672654719,431.01535693843,262.78633577276,478.905952153811,4483.5118369935,lab 1
4.803092650907,421.13722026264,291.8243257324,565.23520590976,370.81716265918,567.75696603275,290.67305887496,630.841073369722,4377.364885986,lab 2
4.9775763958236,325.15873330887,317.701424432613,459.572322137,363.83156583627,446.03762538727,256.0837006713,495.597361541411,4765.5213664892,lab 2
4.9565619799246,419.33618544806,295.575214459147,558.22489655815,427.59892398965,511.60624576409,272.00136523808,568.451384182322,4433.6282168872,lab 2
4.6539341316043,579.77244611019,271.28111090634,654.20998228257,432.22732908036,661.6684964548,248.80389241812,735.187218283111,4069.2166635951,lab 1
4.8800604168135,330.13773181189,313.936066379053,452.90553767261,373.72402915873,452.06881948305,248.58684404821,502.2986883145,4709.0409956858,lab 2
4.6309618782057,359.46456336206,290.659329337347,610.09862630986,341.1952678397,506.71350124424,286.51806869792,563.015001382489,4359.8899400602,lab 1
5.0133833223966,358.76853665188,320.308688838733,473.46533430953,415.98631051303,540.81277811506,259.70504559686,600.903086794511,4804.630332581,lab 2
4.7504148300798,301.72479405308,282.928096798353,437.15156117324,339.96022849517,417.88783317521,221.7443271459,464.319814639122,4243.9214519753,lab 1
4.8426080333042,362.42135033432,289.59465046628,533.45672892359,373.79671686374,449.95816979262,245.0760154313,499.9535219918,4343.9197569942,lab 2
4.8111894708095,435.96348068302,306.436709670847,629.064420387,384.38044605253,569.37054817507,311.73942367887,632.633942416744,4596.5506450627,lab 2
4.6273810974813,342.84785419086,295.810988440733,446.62907017527,351.63575763997,437.29277255953,211.47251629677,485.880858399478,4437.164826611,lab 1
4.6195702049866,364.73422902637,276.635825894833,529.57283633211,350.72286645638,482.15030128121,220.06868895451,535.722556979122,4149.5373884225,lab 1
5.0751557196977,282.8677068569,320.893694359633,432.40314525773,332.27088186079,416.479318734,212.42547065911,462.754798593333,4813.4054153945,lab 2
4.5192651130782,368.79638556597,266.939466535367,512.132035915,345.61222470482,439.38088127206,217.32227974954,488.200979191178,4004.0919980305,lab 1
4.7724292661226,354.16966904178,305.452330422727,530.40933457335,371.27139358938,489.11725510043,231.4626783453,543.463616778256,4581.7849563409,lab 1
4.8631057239007,304.76513071669,284.01152838854,517.274186953,338.95579198881,450.88124027013,217.8292082471,500.9791558557,4260.1729258281,lab 2
4.6224040837973,418.23380736243,284.579102261287,603.87521175622,392.08736749899,576.24663038532,266.49504552826,640.274033761467,4268.6865339193,lab 1
5.0807178175428,421.25900466581,311.034790215153,583.83017545919,440.71073482201,543.16265409283,263.97889231251,603.514060103145,4665.5218532273,lab 2
4.9253615373215,566.39722789882,305.747996277607,513.73169150662,446.93094585986,642.2497983138,256.44084043496,713.610887015333,4586.2199441641,lab 2
4.5730401132327,406.14458009449,287.019750103213,522.50007263778,410.25871969984,582.33417027625,276.51014957485,647.037966973611,4305.2962515482,lab 1
4.7233296609178,349.17645817337,282.62869719988,563.60352060154,361.67035310945,486.65028943181,244.85207196446,540.722543813122,4239.4304579982,lab 1
4.7953207038916,416.71865141643,314.421955081947,460.05080788135,425.43812025175,469.81592326067,206.55224988281,522.017692511856,4716.3293262292,lab 1
4.7177653962519,517.88697138941,279.89052321804,610.12127396251,419.71835641891,602.72214098831,241.18523867032,669.691267764789,4198.3578482706,lab 1
4.6168968601875,407.50272123457,274.0370314738,494.04747051446,374.51068463419,511.38449143589,212.70452286703,568.204990484322,4110.555472107,lab 1
4.6549788140043,437.22686046737,296.096822265053,580.55448985387,397.55763496872,518.28612195044,256.90036772576,575.873468833822,4441.4523339758,lab 1
4.8449777694807,354.22100629611,289.636436616907,567.9467084384,398.93761299408,455.96940851174,269.81894946172,506.632676124156,4344.5465492536,lab 2
4.5936378847313,499.83315987617,271.368874333427,567.73972019302,439.54154227406,635.34102376145,245.12667224413,705.934470846056,4070.5331150014,lab 1
4.9578508472813,392.28258353172,318.163382231953,460.59190744777,398.78606113028,467.83899857425,240.50671681138,519.821109526944,4772.4507334793,lab 2
4.9031732628982,431.18936717828,309.65260119618,439.83731517875,432.73923431993,491.29779246661,204.32610651111,545.886436074011,4644.7890179427,lab 2
4.6395957736476,451.04432823473,280.757478352913,628.32763318128,353.275370647,535.59367768497,298.03759109195,595.104086316633,4211.3621752937,lab 1
4.6940948023938,422.09566630191,310.5852381208,628.70509353682,384.8909078461,584.66060171464,299.43309578236,649.622890794045,4658.778571812,lab 1
4.5319313873365,483.16780058756,273.962010646913,453.55089797781,405.85846382388,553.53571443687,205.18971482576,615.039682707633,4109.4301597037,lab 1
4.5777383165472,500.4489919622,275.056405917087,541.93683655878,389.46564706848,602.83432268393,243.88109791681,669.815914093256,4125.8460887563,lab 1
5.0270850635975,357.99635838695,314.889751475233,475.49798217003,371.90360399529,441.22316675477,234.05822899024,490.247963060856,4723.3462721285,lab 2
4.9245189244096,368.43140503492,316.417585493227,487.53257629871,375.9912988562,550.72848852306,227.20247913538,611.9205428034,4746.2637823984,lab 2
4.9581090012942,384.96752594094,314.36124787126,440.70101423128,340.85213846332,434.14321375245,205.70913890202,482.381348613833,4715.4187180689,lab 2
4.7117251612796,349.26368245283,290.505182207827,595.90728364692,340.48090162956,548.11651647678,327.16252979389,609.018351640867,4357.5777331174,lab 1
4.592818930376,408.05199218402,282.172655634327,508.51953158605,338.73051350748,541.00958316022,213.03929473258,601.121759066911,4232.5898345149,lab 1
4.7813165817171,298.62835957664,315.09063397998,466.90798806932,345.86482842422,417.23620982036,232.18746492146,463.595788689289,4726.3595096997,lab 1
5.0909167676882,334.95518123634,319.987141680707,434.97779927523,375.5573246935,423.73240879777,213.63345259087,470.813787553078,4799.8071252106,lab 2
4.7436370757404,400.09285141444,293.89651623418,597.1600730501,345.75170046414,538.30001649642,284.09438390893,598.111129440467,4408.4477435127,lab 1
4.5329536652833,534.80168391199,266.408184520693,650.22051126744,401.93068958144,616.46412440506,282.9838138243,684.960138227845,3996.1227678104,lab 1
4.5292982628336,529.25484006006,268.52877677242,602.38540066536,418.18255673852,626.99724412484,238.94427311676,696.663604583156,4027.9316515863,lab 1
4.8891467311538,353.58433840158,309.811684688833,518.94304417911,344.26677621199,442.07867554435,247.3909239387,491.198528382611,4647.1752703325,lab 2
4.7975250516254,420.07584070915,293.036705107273,520.70852669601,350.40393452,566.01868944873,236.64964109427,628.909654943033,4395.5505766091,lab 1
4.5786131899392,554.5272838225,277.166057619633,544.99499779278,384.68732228459,654.63223313841,239.80515532608,727.369147931567,4157.4908642945,lab 1
4.7537772411402,400.46575266308,280.78458360314,549.54624632328,367.0000122969,471.79956839332,207.26444046738,524.221742659244,4211.7687540471,lab 1
4.8011359890944,467.55191304458,288.263496457873,555.31506355255,445.05151046099,601.46298833892,247.83396732,668.292209265467,4323.9524468681,lab 2
4.8937814627902,332.41647494794,297.058295886193,444.09728873368,370.99816996052,442.18789968295,245.15627324604,491.319888536611,4455.8744382929,lab 2
4.8279822803658,317.29245086333,318.660614292573,595.36893807966,358.43658636655,432.6125934333,320.84715137783,480.680659370333,4779.9092143886,lab 2
4.8236052601646,342.30065197328,306.813935920307,619.77680369777,355.61518412267,467.06600363793,313.99020511221,518.962226264367,4602.2090388046,lab 2
4.8159926809602,411.2859990469,306.227300227307,500.23903148968,350.51261891807,487.69812671234,224.05227287859,541.886807458156,4593.4095034096,lab 2
4.7673100135146,417.25554794819,285.939294469807,507.25831335979,425.3838603818,463.44912196175,225.37209945365,514.943468846389,4289.0894170471,lab 1
4.8257735128856,303.58669321233,299.430803780747,524.47833600948,337.86159452741,435.98529702505,251.38944187507,484.428107805611,4491.4620567112,lab 2
4.8042419537497,405.78929441749,293.49500110102,471.51817166741,379.35184522275,530.00563055656,225.89255217812,588.895145062844,4402.4250165153,lab 2
4.8670074514051,326.79138917922,319.20849801978,449.64511541509,334.23338952614,436.22565840752,221.45426669404,484.695176008356,4788.1274702967,lab 2
4.764073674252,374.65447273674,310.71250281174,443.91408188492,407.22545361043,486.22397245102,221.7187054066,540.248858278911,4660.6875421761,lab 1
5.047912641796,317.63427250748,319.379528634407,565.48753733659,356.73791456676,438.91107826234,274.47757997657,487.678975847044,4790.6929295161,lab 2
5.0466078174857,327.77002958779,319.4343117248,516.82482604028,351.08606662069,478.48179684411,255.38243915822,531.6464409379,4791.514675872,lab 2
4.6863290901811,434.92328482142,288.203125991307,639.43601087404,407.67226323119,576.34011064204,260.79360931518,640.377900713378,4323.0468898696,lab 1
4.5414299534209,515.17968726,269.396055922147,620.33289061913,422.13715990007,625.33949208176,267.29136206692,694.821657868622,4040.9408388322,lab 1
4.955098651409,325.51591410557,310.334347013933,624.2929372759,353.57201839333,426.60785191432,311.66348910025,474.008724349244,4655.015205209,lab 2
4.6384556449371,401.45665569089,292.37329861816,643.68264524309,346.54772615891,618.43576318425,301.8153814018,687.1508479825,4385.5994792724,lab 1
4.5620080597683,388.01803895016,274.266192542407,500.09641778851,396.18338894317,450.40408380754,245.11601435683,500.448982008378,4113.9928881361,lab 1
4.7141716350396,342.53052609046,293.982431495693,430.87192527371,389.94604059603,427.77542732796,203.30040290874,475.3060303644,4409.7364724354,lab 1
5.0006515857194,336.10754848449,299.87438689742,596.33289895568,393.35829604842,493.90457628281,294.09276047093,548.782862536456,4498.1158034613,lab 2
4.7097364591521,295.37121845046,292.49058904874,458.1988828965,332.46800752027,460.83721284896,201.97444366858,512.041347609956,4387.3588357311,lab 1
4.6317274279924,472.32685046901,281.282487983887,605.70226446173,393.17212538735,530.45303466673,256.06088099672,589.392260740811,4219.2373197583,lab 1
5.0007500126052,331.65501389113,297.168847360087,523.59761606958,423.66218530166,445.45823737196,244.92265047873,494.953597079956,4457.5327104013,lab 2
4.6503645536776,468.97319677214,276.954556832973,636.31077153364,434.2403590026,592.01328502317,294.90923796628,657.792538914633,4154.3183524946,lab 1
4.7517371291143,307.45012265177,306.038921285293,442.32533182875,336.96264217767,452.7100366144,206.90818167355,503.011151793778,4590.5838192794,lab 1
4.7635992260662,406.19914070498,314.52086375594,587.61066277798,405.26912790046,576.20478667167,319.76447877566,640.2275407463,4717.8129563391,lab 1
4.8031114619099,372.40926760292,299.568477424053,462.39353658928,351.29616111824,535.46750005043,236.1597997028,594.963888944922,4493.5271613608,lab 2
4.7541650259025,326.41698489118,282.30814517758,638.02729265996,345.23354212329,448.60989328808,313.44513490937,498.455436986756,4234.6221776637,lab 1
4.6184739359731,359.4961460556,289.146047102947,476.34468706308,369.47799801724,489.14295870869,214.96543037471,543.492176342989,4337.1907065442,lab 1
5.1308111500411,342.76139344536,318.338388925927,504.74881529911,390.79818924785,432.59327773797,329.70199687155,480.659197486633,4775.0758338889,lab 2
4.7663125774745,289.51194424093,294.11288281804,540.08255168955,341.14188223304,416.54381859018,245.85173029109,462.8264651002,4411.6932422706,lab 1
4.6142360352431,380.63810621344,267.95308101692,632.08250261711,374.18850447258,470.26338810687,261.15749558522,522.5148756743,4019.2962152538,lab 1
4.5306137275256,438.79737072188,265.95564925824,463.02087537623,417.85801144065,542.84147413138,212.71683755799,603.157193479311,3989.3347388736,lab 1
4.585829163458,389.35096634211,275.5464713466,456.90053989971,403.01178249863,490.79720314275,206.49103074022,545.330225714167,4133.197070199,lab 1
4.7103254437778,563.86136378477,289.12079152708,652.84953353778,439.17107054913,662.41227203764,268.33219685052,736.013635597378,4336.8118729062,lab 1
4.5477458508641,340.65435733769,280.848164866273,463.48269785298,349.73741008781,527.24846694564,203.77921716505,585.8316299396,4212.7224729941,lab 1
4.7824906691629,312.5281745895,289.26851958674,565.72094588136,361.2808193775,454.72637910275,314.90248110626,505.251532336389,4339.0277938011,lab 1
4.8103222443367,385.24302821567,301.70553597682,551.42041815884,378.7372244477,470.35059307658,283.87250448312,522.611770085089,4525.5830396523,lab 2
4.8893741438451,317.13337144012,306.4085495802,449.58490799691,387.28917866132,443.43443188085,253.94213243547,492.704924312056,4596.128243703,lab 2
5.0751794583051,367.54562720833,318.0809006659,534.76843899661,381.73076408014,463.43467173215,259.66887757706,514.927413035722,4771.2135099885,lab 2
4.5696165837511,444.34197449677,273.393696102707,454.43300731327,396.33507308515,577.81375920602,204.08447529652,642.015288006689,4100.9054415406,lab 1
4.8079090982164,306.0589482358,303.287146661167,500.63736853936,343.23092728791,463.0701447868,206.17033294133,514.522383096444,4549.3071999175,lab 2
5.0901622757917,356.94240821941,320.204479731873,433.54195341754,385.31877624901,462.67626306268,236.82095752218,514.084736736311,4803.0671959781,lab 2
4.8312158342118,338.4130018785,309.412599436547,518.36644455487,368.82036569122,479.54454766821,238.35986508859,532.8272751869,4641.1889915482,lab 2
4.6395841555415,352.98546548991,289.606546526827,432.48340701417,351.96653685755,474.86997914709,204.7439396264,527.633310163433,4344.0981979024,lab 1
5.1783968050155,284.26177336302,318.682371257893,435.79868135479,335.52751412022,414.9860167712,207.03078941517,461.095574190222,4780.2355688684,lab 2
4.5329452334312,496.51775328366,269.80705481918,560.37817777542,370.30371836281,573.04305831213,231.45704815388,636.7145092357,4047.1058222877,lab 1
4.7712525405043,329.94504900082,298.125186195813,489.54267978491,334.16308517479,417.15505277652,263.70884456136,463.505614196133,4471.8777929372,lab 1
4.6954141717157,402.72498834618,278.279940087133,600.93222082375,382.71533524695,485.60154538902,326.91055289394,539.557272654467,4174.199101307,lab 1
4.853404784644,434.39841504103,294.09508540896,614.61719291025,432.47130509999,572.04869875725,270.0219902147,635.609665285833,4411.4262811344,lab 2
4.7025397300147,378.17027458417,279.14262385662,519.83862721851,387.1513547441,564.67133145488,217.12737517315,627.412590505422,4187.1393578493,lab 1
4.8379598213492,316.9148151,305.027155860107,471.0540617374,344.20795639979,421.19843669293,212.54437296761,467.998262992144,4575.4073379016,lab 2
4.919592172591,391.28845700767,314.1558611672,494.19113342374,444.20278015807,562.59849080654,267.58405233738,625.109434229489,4712.337917508,lab 2
4.7162560008825,332.63605327186,300.116707348093,448.34420351198,368.16735413707,421.58795216425,212.19086526122,468.431057960278,4501.7506102214,lab 1
4.7415100477551,347.48189430359,281.589229096087,585.69049485097,359.86884236667,535.60415540974,287.54280728603,595.115728233044,4223.8384364413,lab 1
4.7425759715767,471.98660719448,293.58813763358,586.18457173536,380.38978990273,556.07141897699,311.11020671968,617.857132196656,4403.8220645037,lab 1
4.9465987234271,321.90283756262,319.829301523327,563.11162247555,369.3457278953,482.75859589295,277.97500970274,536.398439881056,4797.4395228499,lab 2
4.6331981973771,430.84541760797,285.624409578,617.50365516556,345.92344943725,517.66030560072,299.35966522293,575.178117334133,4284.36614367,lab 1
4.7689095799914,454.16916343399,293.085103458547,461.18657156874,406.77967853192,509.80983555578,220.04549500237,566.455372839756,4396.2765518782,lab 1
4.6754890844738,399.30536016829,297.544196903407,545.04093872995,397.99845061007,493.83080398079,268.93043173272,548.700893311989,4463.1629535511,lab 1
4.6280759516394,462.38748422743,302.19412220256,471.9915318297,397.5183410131,504.87177611693,203.81289881715,560.968640129922,4532.9118330384,lab 1
4.6978175063372,572.38131426128,289.229661202507,580.23843265503,430.31895365381,620.81965771455,245.66029794588,689.799619682833,4338.4449180376,lab 1
4.795986195707,475.48190410533,291.32684204896,616.230948253,381.2735184291,642.86129253923,294.88006798139,714.290325043589,4369.9026307344,lab 1
4.7108255317354,375.87946461257,296.398079757533,538.63844110411,376.04210373393,498.84247688015,258.09567573385,554.269418755722,4445.971196363,lab 1
4.9805269945645,445.13576678388,309.795878383847,548.0727669683,440.28957933971,457.85554577925,280.52435029174,508.728384199167,4646.9381757577,lab 2
4.6206802363902,372.25407978142,272.962748679527,496.13976870613,395.25489960718,460.87553640518,235.57894270435,512.083929339089,4094.4412301929,lab 1
4.5441173670497,520.87447358079,266.612001491013,590.6234954054,391.3470558122,573.76048908876,219.08808012691,637.511654543067,3999.1800223652,lab 1
4.9827674762498,413.73445934259,318.408649713227,511.27863881559,357.8877672555,559.2148722721,248.41209020793,621.349858080111,4776.1297456984,lab 2
4.570599184533,341.46179404504,294.26430596166,463.29823208337,364.76653928399,459.1784295842,219.55593749093,510.198255093556,4413.9645894249,lab 1
4.7343332218775,428.42581747892,289.8068616042,504.34354520556,405.88197281971,537.06983013496,236.40898787485,596.744255705511,4347.102924063,lab 1
5.0515170795631,297.65942282861,301.24893199612,513.79921950547,371.53132692482,417.64570152861,239.92498794679,464.050779476233,4518.7339799418,lab 2
4.6336515071513,438.52846776209,275.116350401787,436.5427764981,375.31058280052,452.35899790045,201.14615923928,502.621108778278,4126.7452560268,lab 1
4.9081220251056,323.82155386517,300.45697127852,448.96516824583,365.05841761719,423.69444824553,214.4778154514,470.7716091617,4506.8545691778,lab 2
4.8568632478996,358.61079505125,304.32192512758,630.50822400555,406.80019742808,571.90710745346,310.00530265783,635.452341614956,4564.8288769137,lab 2
4.8453832315391,372.09059359655,304.586276774947,470.93983942389,395.36664427506,499.32331472549,217.21803461375,554.803683028322,4568.7941516242,lab 2
5.1212304400481,447.57858994001,321.23647930212,612.61025739251,392.87518788955,569.25012996902,319.9139024667,632.500144410022,4818.5471895318,lab 2
4.5894171164534,335.13563425375,274.952312231607,449.9050391545,375.46137294778,432.65028553655,211.58624507459,480.722539485056,4124.2846834741,lab 1
4.9240962633477,334.48558141222,317.017173878067,466.75335895443,394.04046665963,450.26614605617,214.07747141196,500.295717840189,4755.257608171,lab 2
4.7111761993126,418.67272301177,278.8549288344,511.41257133358,384.51549920061,547.8447563183,250.95199406527,608.716395909222,4182.823932516,lab 1
4.7008579595589,441.81088161771,303.48013914552,611.68075261972,419.48987821733,564.33376468936,291.62795364641,627.037516321511,4552.2020871828,lab 2
4.5515267107826,444.08543642718,276.73648087908,564.73814251915,370.3792014128,517.17472721577,237.19730453614,574.6385857953,4151.0472131862,lab 2
4.730106038019,307.39876367283,302.0341040326,439.48247457877,340.54400375129,426.11212195205,203.88277626642,473.457913280056,4530.511560489,lab 2
5.0853488137777,314.10845224445,313.190840452167,489.63399836464,353.51356835549,457.80322521636,237.3508587661,508.6702502404,4697.8626067825,lab 2
4.5713401254142,391.47817015095,269.92894298786,501.50859773778,335.18492162307,488.17190641758,225.32193797859,542.413229352867,4048.9341448179,lab 2
4.8950496499342,381.32203361745,305.477393186387,571.21310952527,358.42648681349,504.79452125486,288.76772823034,560.882801394289,4582.1608977958,lab 2
4.7319983646959,392.4956789213,298.782150363713,580.10957282912,336.96772573033,484.79995567548,250.19744411671,538.6666174172,4481.7322554557,lab 2
4.7706092239204,292.52104496248,308.05726938704,452.06308075136,355.78344129764,432.54567327274,210.69749148754,480.606303636378,4620.8590408056,lab 2
4.6404757295691,344.33984599512,289.113278590967,489.95782311716,337.63718649912,496.2555439185,230.91754964545,551.395048798333,4336.6991788645,lab 2
4.9755102697777,380.54067368288,319.34155522686,521.34513091256,396.21112145,473.48220599303,315.16088439929,526.091339992256,4790.1233284029,lab 2
4.8242206242904,334.7820416941,286.438331320427,556.44384481532,425.18866250409,443.87488067175,270.81466804982,493.1943118575,4296.5749698064,lab 2
4.6980295494716,284.63461500346,292.95039765736,501.75353796676,336.64990402284,419.71147136495,327.4152869824,466.346079294389,4394.2559648604,lab 2
4.7030370756368,570.73417959744,283.405635452547,553.42803984038,405.91612344806,632.66774392568,228.98710854409,702.964159917422,4251.0845317882,lab 2
4.55838066901,345.69872321047,266.584237435607,504.65842430007,386.69065982079,421.95592800367,258.71605713592,468.839920004078,3998.7635615341,lab 2
4.7131436489104,291.41270513569,310.5417682933,512.9758249559,347.97703081227,450.66124453802,281.59230803197,500.734716153356,4658.1265243995,lab 2
4.5987535034949,407.45296096173,279.570901043413,554.17096975567,397.50562691496,571.86115110715,258.11796106263,635.401279007945,4193.5635156512,lab 2
5.0389320614519,329.84876259258,315.794887360653,551.66302699393,368.7875310881,474.27929394881,307.33597107439,526.976993276456,4736.9233104098,lab 2
4.9321241876365,298.58425121684,311.982868957353,528.76035473361,339.36780666304,460.33221382715,273.71068735885,511.480237585722,4679.7430343603,lab 2
5.1814603958787,393.70102406967,314.86077164266,519.76729300922,395.38025524141,491.68963521815,295.27481276523,546.321816909056,4722.9115746399,lab 2
4.5734362332772,294.40084912849,279.58837788812,451.46019925204,337.68433837148,435.17616005438,215.70630224659,483.529066727089,4193.8256683218,lab 2
4.7160830752634,413.77026919838,287.39523887106,529.18480110581,434.40570329163,486.11580959111,248.22133180711,540.128677323456,4310.9285830659,lab 2
4.9128443001799,479.5058665551,308.526788768533,646.72999256294,430.18646542238,568.71131116439,303.14216773842,631.901456849322,4627.901831528,lab 2
4.5391357662278,500.96021020714,278.825954040447,490.57721007541,438.41885454893,526.5859118189,228.98598754425,585.095457576555,4182.3893106067,lab 2
4.6383393785131,465.60630510368,281.244983892113,460.35282156148,379.74420351585,540.46259240279,230.17647008738,600.513991558656,4218.6747583817,lab 2
4.5459302570795,423.99017076222,270.156734710053,637.34061740738,347.17775524367,596.39543526299,266.79216130408,662.661594736656,4052.3510206508,lab 2
4.8587894134877,460.92133607769,299.560091331293,477.17316353917,399.93517125084,514.83451406009,217.49215485202,572.038348955656,4493.4013699694,lab 2
4.5253986672908,582.58973215834,276.447428675087,629.83828341032,430.24405571899,647.76376653858,231.74536849814,719.7375183762,4146.7114301263,lab 2
4.6462803093791,497.42521694143,280.30946786348,491.03500754844,402.01891536596,471.21468939431,202.97399924781,523.571877104789,4204.6420179522,lab 2
4.5731036737448,469.73554022505,266.538293476087,586.21275600078,425.38603931855,561.86808459163,236.28611757629,624.297871768478,3998.0744021413,lab 2
5.0244884286576,361.99283430737,316.195921895373,505.56797082914,366.56016051471,478.74203063393,260.16609802605,531.935589593256,4742.9388284306,lab 2
4.6534533253935,410.7842871661,275.12002967494,599.11462494353,415.08584150981,524.78048136292,287.92612956592,583.089423736578,4126.8004451241,lab 2
5.156132243578,444.63488141153,309.00964976564,615.91037976549,425.23974990727,544.10022442529,286.01026589556,604.555804916989,4635.1447464846,lab 2
4.6893010444521,408.76391159957,290.892857703787,479.71700551971,401.90127555342,483.74765920697,259.95818801956,537.497399118856,4363.3928655568,lab 2
5.0055427417089,350.60385990116,313.242555787993,487.40415887631,343.17097564116,450.7635828663,224.21649074616,500.848425407,4698.6383368199,lab 2
4.7734665421128,370.12587618089,313.682068613487,518.74223405648,351.29017345221,554.25171649987,261.29084173851,615.835240555411,4705.2310292023,lab 2
4.6672334685615,492.25976856697,281.87850092122,501.95940558493,389.46891428263,588.20293157588,227.26834161043,653.558812862089,4228.1775138183,lab 2
5.0341070324483,492.42711794328,305.832210993133,522.22465660245,414.93928190688,511.14713208979,261.3047919902,567.941257877544,4587.483164897,lab 2
4.6737512503562,339.54339449831,287.92733785268,607.42620128172,350.43473305484,494.79130137591,300.81526602931,549.7681126399,4318.9100677902,lab 2
4.5592730122483,424.23998669316,265.826087477907,569.9531782388,338.98681268471,438.56932941263,225.00292458129,487.299254902922,3987.3913121686,lab 2
4.6975791632301,311.08201169795,301.861521224993,512.35067410477,333.87928904459,447.5600939118,245.84133185267,497.288993235333,4527.9228183749,lab 2
4.7052189619449,326.71814311729,318.52882241578,430.67352980399,364.32233460181,446.54868979608,201.27968508584,496.165210884533,4777.9323362367,lab 2
4.5757968584541,583.3850467924,282.384921858933,651.03369292347,430.08636998441,662.72736820717,279.25864537785,736.363742452411,4235.773827884,lab 2
4.7994204635147,392.96756513404,302.54339365864,531.62151764811,411.41252500602,521.63606479235,267.1052332936,579.595627547056,4538.1509048796,lab 2
4.6927197855145,322.43847279379,296.314584749667,434.337344685,348.23192147949,457.59783183408,204.8041388452,508.4420353712,4444.718771245,lab 2
4.941545777295,376.90393861382,308.50420474378,560.37226002602,352.45166171821,524.27017919929,245.78823843874,582.522421332545,4627.5630711567,lab 2
4.8368846777735,320.24071289937,299.064241070127,537.56534983352,354.82327216969,422.00958645732,264.64171858853,468.899540508133,4485.9636160519,lab 2
4.6161052460223,532.20046367668,283.2531375454,515.19098632612,366.94693879898,617.61059861836,204.35726723232,686.233998464844,4248.797063181,lab 2
4.6106409050296,286.02325609153,286.11082341874,446.38358145449,334.23925142696,415.9631282287,211.08291036195,462.181253587444,4291.6623512811,lab 2
4.5894299414201,489.92943256615,276.907676881153,488.4250652617,404.57777184076,526.33813029383,213.74203733999,584.820144770922,4153.6151532173,lab 2
4.579691659043,472.37137950742,266.90367448152,541.03688267824,433.16023782376,472.36016531803,218.09428102289,524.844628131144,4003.5551172228,lab 2
4.7807464740379,349.26600840162,289.452732217087,501.46510735203,386.9357237115,486.36836048393,238.57007643107,540.409289426589,4341.7909832563,lab 2
4.7106487949853,396.55721447622,285.85442358096,585.41602502629,398.8070604632,504.37513845597,291.2897556685,560.416820506633,4287.8163537144,lab 2
4.7078529281208,403.76218369346,278.98979533128,515.74570073305,344.96264585372,550.23194126814,224.67774728861,611.368823631267,4184.8469299692,lab 1
